team,passRushProvider,pointsScoredPerDriveIndex,pointsScoredPerDriveIndex_live,pointsScoredPerDriveIndex_prior,pointsScoredPerDriveIndex_delta,qbIndex,qbIndex_live,qbIndex_prior,qbIndex_delta,receiverIndex,receiverIndex_live,receiverIndex_prior,receiverIndex_delta,olIndex,olIndex_live,olIndex_prior,olIndex_delta,rbIndex,rbIndex_live,rbIndex_prior,rbIndex_delta,coverageIndex,coverageIndex_live,coverageIndex_prior,coverageIndex_delta,passRushIndex,passRushIndex_live,passRushIndex_prior,passRushIndex_delta,runDefenseIndex,runDefenseIndex_live,runDefenseIndex_prior,runDefenseIndex_delta,pointsAllowedPerDriveIndex,pointsAllowedPerDriveIndex_live,pointsAllowedPerDriveIndex_prior,pointsAllowedPerDriveIndex_delta,offenseComposite,defenseIndex,offenseIndex,bridgePoints,eloDelta,force
ARI,nflverse-weekly-disruption,49.304010,51.612903,37.610000,11.694010,36.787940,39.290942,30.820000,5.967940,31.107565,21.114773,81.718750,-50.611185,54.339694,58.098936,35.300000,19.039694,44.605264,43.756067,48.906250,-4.300986,22.515492,21.774194,26.270000,-3.754508,36.423370,38.709677,24.843750,11.579620,86.641637,96.774194,35.322581,51.319057,20.322581,12.903226,50.000000,-29.677419,38.368076,39.028565,35.834441,2.124451,11.769459,25.885170
ATL,pfr-advanced,17.920224,12.903226,35.300000,-17.379776,21.077652,12.928318,42.090000,-21.012348,16.718025,13.740920,27.031250,-10.313225,63.964752,61.145830,73.730000,-9.765248,74.630642,80.162082,55.468750,19.161892,73.674956,78.225806,57.910000,15.764956,64.371147,65.678065,59.843750,4.527397,86.017728,100.000000,37.580645,48.437082,77.822581,87.096774,50.000000,27.822581,29.983684,83.599893,10.410599,2.612309,14.472191,53.301685
BAL,nflverse-weekly-disruption,74.169596,77.419355,60.150000,14.019596,87.174431,94.151681,55.670000,31.504431,65.935297,70.896780,44.531250,21.404047,69.668591,77.099810,37.610000,32.058591,55.742241,62.904548,24.843750,30.898491,54.636896,58.064516,39.850000,14.786896,40.926277,45.161290,22.656250,18.270027,49.752924,48.387097,55.645161,-5.892237,35.806452,32.258065,50.000000,-14.193548,81.769078,46.149770,82.025912,7.357717,40.761753,63.066470
BUF,nflverse-weekly-disruption,91.516556,93.548387,82.760000,8.756556,73.543612,76.080676,69.180000,4.363612,57.854671,62.976485,35.781250,22.073421,48.082503,44.226656,64.700000,-16.617497,87.262501,90.071579,75.156250,12.106251,28.941015,18.548387,73.730000,-44.788985,74.933219,77.419355,64.218750,10.714469,15.424484,12.903226,26.290323,-10.865838,25.483871,19.354839,50.000000,-24.516129,83.085756,25.465292,94.134831,-3.250532,-18.905097,66.861939
CAR,nflverse-weekly-disruption,64.603493,70.967742,28.580000,36.023493,70.184539,77.767639,28.580000,41.604539,57.366762,60.020869,42.343750,15.023012,32.794774,30.756853,44.330000,-11.535226,66.644386,67.845850,59.843750,6.800636,59.793192,64.516129,33.060000,26.733192,11.297669,9.677419,20.468750,-9.171081,17.257250,9.677419,60.161290,-42.904040,33.225806,29.032258,50.000000,-16.774194,66.822103,29.134316,70.086438,4.853592,26.888899,58.920063
CHI,nflverse-weekly-disruption,78.758678,80.645161,69.180000,9.578678,72.616502,74.854488,62.390000,10.226502,40.835760,38.815489,51.093750,-10.257990,69.649447,67.522319,80.450000,-10.800553,73.028078,80.794517,33.593750,39.434328,80.503379,86.290323,51.120000,29.383379,73.263230,80.645161,35.781250,37.481980,10.458971,6.451613,30.806452,-20.347481,82.258065,90.322581,50.000000,32.258065,77.428361,64.178765,73.368617,6.008444,33.286781,77.523248
CIN,nflverse-weekly-disruption,60.467758,64.516129,42.090000,18.377758,64.907666,72.701536,26.270000,38.637666,60.635356,60.809737,59.843750,0.791606,32.829221,23.325891,75.970000,-43.140779,31.956049,27.740272,51.093750,-19.137701,31.433603,33.064516,24.030000,7.403603,66.864461,74.193548,33.593750,33.270711,65.138418,74.193548,24.032258,41.106160,53.870968,54.838710,50.000000,3.870968,53.164696,51.471971,65.754724,6.353568,35.198768,60.054944
CLE,pfr-advanced,47.759327,54.838710,17.240000,30.519327,52.425969,60.645392,17.240000,35.185969,34.812337,38.646952,18.281250,16.531087,24.682404,26.928373,15.000000,9.682404,33.264417,34.710286,27.031250,6.233167,54.002389,48.387097,78.210000,-24.207611,49.695509,42.774693,79.531250,-29.835741,31.289863,19.354839,82.741935,-51.452072,48.709677,48.387097,50.000000,-1.290323,35.670935,44.136312,50.377753,0.095343,0.528201,46.763768
DAL,nflverse-weekly-disruption,95.028669,98.387097,78.210000,16.818669,78.984659,79.802290,75.970000,3.014659,79.587349,79.598551,79.531250,0.056099,46.214463,42.075894,66.940000,-20.725537,57.057848,52.570257,79.531250,-22.473402,3.541775,0.806452,17.240000,-13.698225,34.020604,25.806452,75.156250,-41.135646,38.203837,41.935484,19.516129,18.687708,12.580645,3.225806,50.000000,-37.419355,82.317202,13.021943,90.995350,-2.847585,-16.561554,47.615085
DEN,nflverse-weekly-disruption,31.322050,25.806452,55.670000,-24.347950,39.272739,34.307468,60.150000,-20.877261,23.521290,22.230631,29.218750,-5.697460,83.691337,84.933037,78.210000,5.481337,61.525136,68.348038,31.406250,30.118886,68.665042,68.548387,69.180000,-0.514958,68.097355,64.516129,83.906250,-15.808895,14.864836,0.000000,80.483871,-65.619035,51.290323,51.612903,50.000000,1.290323,44.303253,50.050458,47.102179,-7.328681,-42.623609,51.821067
DET,nflverse-weekly-disruption,84.708728,87.096774,73.730000,10.978728,83.197591,85.013002,71.420000,11.777591,58.333354,54.198293,77.343750,-19.010396,49.045174,50.558034,42.090000,6.955174,78.353979,80.001167,70.781250,7.572729,14.582369,5.645161,55.670000,-41.087631,81.532419,83.870968,70.781250,10.751169,31.540713,25.806452,57.903226,-26.362512,10.000000,0.000000,50.000000,-40.000000,83.053474,22.328435,82.059229,-4.814529,-28.001303,42.055962
GB,nflverse-weekly-disruption,32.077684,22.580645,80.450000,-48.372316,45.963230,37.583814,85.000000,-39.036770,26.884568,21.272575,55.468750,-28.584182,23.303287,17.402189,53.360000,-30.056713,15.603600,11.642080,35.781250,-20.177650,31.788173,30.645161,37.610000,-5.821827,70.219148,70.967742,66.406250,3.812898,23.560022,22.580645,28.548387,-4.988366,30.645161,25.806452,50.000000,-19.354839,22.048603,29.887238,32.077684,-7.500000,-43.620000,32.580793
HOU,nflverse-weekly-disruption,37.789455,38.709677,33.060000,4.729455,61.620007,63.507885,46.640000,14.980007,58.603383,55.808277,72.968750,-14.365367,40.294405,38.623884,48.880000,-8.585595,28.334227,24.757104,46.718750,-18.384523,34.772829,25.000000,85.000000,-50.227171,79.807380,87.096774,42.343750,37.463630,60.245013,58.064516,71.451613,-11.206600,28.064516,22.580645,50.000000,-21.935484,44.481360,46.805725,45.890612,-4.602574,-26.768568,38.429819
IND,nflverse-weekly-disruption,60.103422,58.064516,71.420000,-11.316578,21.056514,12.994610,66.940000,-45.883486,29.803571,26.361843,48.906250,-19.102679,36.573632,31.922300,62.390000,-25.816368,71.633432,69.422240,83.906250,-12.272818,40.603690,39.516129,46.640000,-6.036310,51.867600,51.612903,53.281250,-1.413650,20.438107,16.129032,44.354839,-23.916732,39.677419,37.096774,50.000000,-10.322581,38.345961,31.389840,38.236696,-7.500000,-43.620000,48.526291
JAX,nflverse-weekly-disruption,85.109963,90.322581,57.910000,27.199963,84.977312,89.897581,57.910000,27.067312,77.945356,80.995145,62.031250,15.914106,24.078219,19.754465,46.640000,-22.561781,67.903112,69.866826,57.656250,10.246862,64.066336,60.483871,82.760000,-18.693664,56.239881,58.064516,46.718750,9.521131,71.771846,70.967742,75.967742,-4.195896,87.419355,96.774194,50.000000,37.419355,80.577462,76.261165,85.109963,4.684872,25.954189,84.162100
KC,nflverse-weekly-disruption,79.788597,83.870968,62.390000,17.398597,81.569381,85.000275,64.700000,16.869381,59.222347,59.589813,57.656250,1.566097,44.934854,48.772322,28.580000,16.354854,76.379441,90.011480,18.281250,58.098191,82.644804,89.516129,53.360000,29.284804,14.935670,6.451613,51.093750,-36.158080,62.401102,64.516129,53.387097,9.014005,66.774194,70.967742,50.000000,16.774194,80.497011,68.016258,77.175842,7.500000,41.550000,70.262957
LAC,nflverse-weekly-disruption,8.527928,3.225806,30.820000,-22.292072,17.826830,10.859560,48.880000,-31.053170,13.653442,8.910683,33.593750,-19.940308,9.755104,7.974838,17.240000,-7.484896,52.281626,54.125036,44.531250,7.750376,44.785523,39.516129,66.940000,-22.154477,86.651847,93.548387,57.656250,28.995597,74.537161,77.419355,62.419355,12.117806,39.677419,37.096774,50.000000,-10.322581,11.891308,62.419881,5.921948,-5.369908,-31.231384,31.813420
LAR,nflverse-weekly-disruption,52.488557,45.161290,85.000000,-32.511443,56.841364,51.612080,78.210000,-21.368636,34.310520,25.104912,75.156250,-40.845730,44.459935,35.323217,85.000000,-40.540065,70.902459,70.436768,72.968750,-2.066291,93.507507,100.000000,64.700000,28.807507,37.917867,29.032258,77.343750,-39.425883,58.309520,54.838710,73.709677,-15.400157,70.645161,75.806452,50.000000,20.645161,55.663965,76.887618,68.283590,-6.988116,-40.642881,59.738982
LV,nflverse-weekly-disruption,64.028016,74.193548,15.000000,49.028016,65.836393,73.957037,21.790000,44.046393,62.239615,61.375699,66.406250,-4.166635,27.858023,29.116175,21.790000,6.068023,23.234525,24.715102,16.093750,7.140775,70.853995,78.225806,35.300000,35.553995,85.172641,96.774194,29.218750,55.953891,64.888939,67.741935,51.129032,13.759906,74.516129,80.645161,50.000000,24.516129,51.150666,79.156368,45.325231,7.500000,41.550000,51.687637
MIA,nflverse-weekly-disruption,7.166625,0.000000,39.850000,-32.683375,22.004847,19.699602,35.300000,-13.295153,16.124801,12.773971,31.406250,-15.281449,45.326341,42.075894,60.150000,-14.823659,43.948904,48.617836,22.656250,21.292654,11.092602,7.258065,28.580000,-17.487398,25.741442,22.580645,40.156250,-14.414808,80.025289,90.322581,33.064516,46.960773,15.161290,6.451613,50.000000,-34.838710,16.655837,27.563652,15.103657,-5.069634,-29.484990,22.290615
MIN,nflverse-weekly-disruption,30.631200,32.258065,24.030000,6.601200,21.928654,21.574100,24.030000,-2.101346,56.733092,61.357560,37.968750,18.764342,35.731522,36.941966,30.820000,4.911522,32.484872,31.133371,37.968750,-5.483878,93.546551,96.774194,80.450000,13.096551,96.385406,100.000000,81.718750,14.666656,76.950719,83.870968,48.870968,28.079752,90.000000,100.000000,50.000000,40.000000,24.804105,93.693653,15.103227,6.446983,35.716284,76.968949
NE,nflverse-weekly-disruption,19.418939,6.451613,75.970000,-56.551061,52.251228,44.522063,82.760000,-30.508772,45.459489,36.643533,83.906250,-38.446761,33.564677,35.237368,26.270000,7.294677,39.945373,33.877816,66.406250,-26.460877,56.247258,54.838710,62.390000,-6.142742,46.443753,48.387097,37.968750,8.475003,10.055243,3.225806,39.838710,-29.783466,70.645161,75.806452,50.000000,20.645161,33.515514,42.338425,48.283972,-7.500000,-43.620000,53.686470
NO,pfr-advanced,57.469506,67.741935,26.270000,31.199506,54.364188,57.475641,44.330000,10.034188,64.923024,73.077479,40.156250,24.766774,53.490385,54.270833,51.120000,2.370385,37.675367,43.340641,20.468750,17.206617,31.279725,21.774194,60.150000,-28.870275,54.611768,52.168905,62.031250,-7.419482,43.833621,35.483871,69.193548,-25.359928,24.596774,16.129032,50.000000,-25.403226,54.955690,32.193163,57.469506,0.063306,0.350713,39.610568
NYG,nflverse-weekly-disruption,48.929884,48.387097,51.120000,-2.190116,43.527918,47.265439,33.060000,10.467918,22.021243,21.863866,22.656250,-0.635007,18.781012,17.480129,24.030000,-5.248988,29.245207,25.998928,42.343750,-13.098543,64.642008,68.548387,48.880000,15.762008,11.016764,0.000000,55.468750,-44.451986,44.341138,51.612903,15.000000,29.341138,61.612903,64.516129,50.000000,11.612903,27.082002,49.673130,33.419150,1.762778,9.765792,45.869348
NYJ,nflverse-weekly-disruption,37.906387,41.935484,21.790000,16.116387,57.005006,68.782199,15.000000,42.005006,51.666680,58.372413,24.843750,26.822930,28.844082,31.167602,19.550000,9.294082,53.471423,50.784592,64.218750,-10.747327,41.709677,48.387097,15.000000,26.709677,19.140121,19.354839,18.281250,0.858871,73.838710,80.645161,46.612903,27.225806,46.129032,45.161290,50.000000,-3.870968,45.926288,47.105385,53.390258,7.500000,41.550000,33.925810
PHI,nflverse-weekly-disruption,38.338754,35.483871,53.360000,-15.021246,23.301182,19.655130,53.360000,-30.058818,58.377899,56.020563,70.781250,-12.403351,34.257934,30.188435,55.670000,-21.412066,34.600735,25.645658,81.718750,-47.118015,58.213454,54.838710,75.970000,-17.756546,9.822437,3.225806,44.531250,-34.708813,31.118709,29.032258,42.096774,-10.978065,43.548387,41.935484,50.000000,-6.451613,27.969783,35.868357,24.785587,-7.500000,-43.620000,37.195685
PIT,pfr-advanced,21.157886,16.129032,44.330000,-23.172114,27.724065,24.337010,37.610000,-9.885935,24.709587,25.629941,20.468750,4.240837,38.549774,28.955191,82.760000,-44.210226,53.888365,48.798036,77.343750,-23.455385,41.699835,41.129032,44.330000,-2.630165,45.536845,44.805611,48.906250,-3.369405,43.340298,38.709677,64.677419,-21.337122,64.193548,67.741935,50.000000,14.193548,24.477517,46.095872,21.157886,-6.369952,-37.047643,39.958280
SEA,nflverse-weekly-disruption,61.944601,61.290323,64.700000,-2.755399,80.223003,81.256112,80.450000,-0.226997,57.586457,56.011596,64.218750,-6.632293,37.130741,28.988640,71.420000,-34.289259,27.793956,21.741912,53.281250,-25.487294,86.043685,89.516129,71.420000,14.623685,86.992576,90.322581,72.968750,14.023826,86.694427,87.096774,85.000000,1.694427,84.838710,93.548387,50.000000,34.838710,59.868335,91.918895,56.730980,0.545790,3.023677,81.464914
SF,nflverse-weekly-disruption,93.116904,98.387097,66.940000,26.176904,92.876506,96.597013,73.730000,19.146506,83.703450,86.745484,68.593750,15.109700,85.421031,90.959823,57.910000,27.511031,65.917777,65.379024,68.593750,-2.675973,58.869023,64.516129,30.820000,28.049023,16.123119,16.129032,16.093750,0.029369,40.485012,45.161290,17.258065,23.226948,77.096774,83.870968,50.000000,27.096774,92.746194,50.756191,94.459502,7.500000,41.550000,87.622349
TB,nflverse-weekly-disruption,24.729694,19.354839,46.640000,-21.910306,17.246115,9.494775,51.120000,-33.873885,18.962535,19.666282,16.093750,2.868785,30.084993,20.494529,69.180000,-39.095007,49.449605,51.729374,40.156250,9.293355,55.565315,58.870968,42.090000,13.475315,15.686280,12.903226,27.031250,-11.344970,90.530019,93.548387,78.225806,12.304213,59.032258,61.290323,50.000000,9.032258,18.059478,63.615375,14.368251,-3.482547,-20.254491,31.120892
TEN,nflverse-weekly-disruption,11.591956,9.677419,19.550000,-7.958044,27.327377,29.321819,19.550000,7.777377,52.173659,51.907196,53.281250,-1.107591,59.996847,64.843750,39.850000,20.146847,26.206208,25.481454,29.218750,-3.012542,17.226833,16.129032,21.790000,-4.563167,39.304448,32.258065,68.593750,-29.289302,62.385058,61.290323,66.935484,-4.550426,56.451613,58.064516,50.000000,6.451613,24.183626,37.637047,24.593172,-1.093416,-6.359308,18.963044
WAS,nflverse-weekly-disruption,32.402916,29.032258,48.880000,-16.477084,36.904596,36.967757,39.850000,-2.945404,27.725655,23.840306,46.718750,-18.993095,26.461451,25.111609,33.060000,-6.598549,42.048900,37.961183,62.031250,-19.982350,28.760917,30.645161,19.550000,9.210917,34.791386,35.483871,31.406250,3.385136,30.477633,32.258065,21.774194,8.703440,17.741935,9.677419,50.000000,-32.258065,26.123702,21.074363,40.436860,-3.582828,-20.837726,25.064224
