unit,display_sd,display_middle80,raw_sd,raw_iqr,clustering,md07,normalization
qbIndex,23.674186497030618,61.87201798541621,0.18473365837756142,0.2891460217437444,VERY WIDE,A. CURRENT FORMULA APPEARS SOUND; NO MATERIAL MD-07 DEFECT FOUND,NONE
receiverIndex,19.815452760252366,46.56566315670938,0.09802156703238026,0.1323534112160164,REASONABLY DISCRIMINATIVE,B. MEASUREMENT APPEARS DIRECTIONALLY SOUND BUT CONTEXT-INDEPENDENCE IS WEAK,NONE
olIndex,17.752207871004455,44.94234005078125,0.02921556171151265,0.03384699343660963,REASONABLY DISCRIMINATIVE,A. CURRENT FORMULA APPEARS SOUND; NO MATERIAL MD-07 DEFECT FOUND,NONE
rbIndex,18.614690505481747,46.89049490544401,0.10285977210001508,0.1444170587081624,REASONABLY DISCRIMINATIVE,B. MEASUREMENT APPEARS DIRECTIONALLY SOUND BUT CONTEXT-INDEPENDENCE IS WEAK,NONE
coverageIndex,23.948176422862392,64.67496217612207,0.1421039298007453,0.14294506071641205,VERY WIDE,A. CURRENT FORMULA APPEARS SOUND; NO MATERIAL MD-07 DEFECT FOUND,NONE
passRushIndex,25.74172113939674,69.79788848427447,0.08311824284408205,0.11842767618656255,VERY WIDE,E. INSUFFICIENT EVIDENCE,NONE
runDefenseIndex,24.899593751912757,69.81072267595886,0.08413106283200887,0.11087009713679376,VERY WIDE,A. CURRENT FORMULA APPEARS SOUND; NO MATERIAL MD-07 DEFECT FOUND,NONE
pointsScoredPerDriveIndex,25.878367000445703,66.99974418757768,0.5877403878893339,0.9075561066840132,VERY WIDE,A. CURRENT FORMULA APPEARS SOUND; NO MATERIAL MD-07 DEFECT FOUND,NONE
pointsAllowedPerDriveIndex,23.694353808549447,63.81451612903228,0.4401833617784486,0.6317829457364341,VERY WIDE,A. CURRENT FORMULA APPEARS SOUND; NO MATERIAL MD-07 DEFECT FOUND,NONE
offenseComposite,23.747862936282708,60.30451173051328,16.863510882164558,28.324692404309545,VERY WIDE,A. CURRENT FORMULA APPEARS SOUND; NO MATERIAL MD-07 DEFECT FOUND,NONE
defenseIndex,20.995004139624324,53.25436469346465,16.53396250872707,22.7349070473771,REASONABLY DISCRIMINATIVE,A. CURRENT FORMULA APPEARS SOUND; NO MATERIAL MD-07 DEFECT FOUND,NONE
offenseIndex,26.028728317701717,69.70161995486208,0.11398223666217715,0.17284889908877882,VERY WIDE,A. CURRENT FORMULA APPEARS SOUND; NO MATERIAL MD-07 DEFECT FOUND,NONE
