team,coreElo,coreForce,preCap,postCap,appliedElo,finalElo,finalForce,displayForceDelta,absoluteElo,sign,capUsedPct,capBinds,coreRank,finalRank,rankMovement
SF,1671.8778151032584,80.12234929661705,10.773447648412416,7.5,41.55,1713.4278151032584,87.62234929661703,7.499999999999986,41.55,1,100,true,2,1,1
JAX,1668.3038461919118,79.47722855449672,4.85277737589221,4.85277737589221,26.884386662442846,1695.1882328543547,84.33000593038894,4.852777375892217,26.884386662442846,1,64.70369834522947,false,3,2,1
SEA,1676.2919494726414,80.91912445354538,0.9894557360390953,0.9894557360390953,5.481584777656588,1681.7735342502979,81.90858018958446,0.9894557360390763,5.481584777656588,1,13.192743147187938,false,1,3,-2
CHI,1624.1920128032816,71.51480375510499,6.1034159364938185,6.1034159364938185,33.81292428817576,1658.0049370914574,77.6182196915988,6.103415936493803,33.81292428817576,1,81.3788791532509,false,4,4,0
MIN,1618.6916916765542,70.52196600659823,6.1094933687773425,6.1094933687773425,33.84659326302648,1652.5382849395808,76.63145937537558,6.1094933687773505,33.84659326302648,1,81.4599115836979,false,5,5,0
KC,1575.7067823086138,62.762957095417654,7.941971965634323,7.5,41.55,1617.2567823086138,70.26295709541765,7.499999999999993,41.55,1,100,true,8,6,2
BUF,1617.32023763674,70.27441112576537,-2.9743012798555295,-2.9743012798555295,-17.298536243639756,1600.0217013931003,67.1519316594044,-3.1224794663609714,17.298536243639756,-1,39.657350398073724,false,6,7,-1
BAL,1536.626491219397,55.70875292768898,7.545530830951465,7.5,41.55,1578.176491219397,63.20875292768897,7.499999999999993,41.55,1,100,true,12,8,4
LAR,1599.5968414170793,67.0752421330468,-6.739406790138812,-6.739406790138812,-39.196389891447325,1560.400451525632,60.00008150282166,-7.075160630225142,39.196389891447325,-1,89.85875720185082,false,7,9,-2
CIN,1525.5056202448498,53.70137549546024,6.113225881910327,6.113225881910327,33.86727138578321,1559.372891630633,59.814601377370565,6.113225881910324,33.86727138578321,1,81.50967842547102,false,14,10,4
CAR,1527.528251131476,54.06647132337113,4.7261182111517765,4.7261182111517765,26.18269488978084,1553.7109460212569,58.7925895345229,4.726118211151764,26.18269488978084,1,63.01490948202368,false,13,11,2
NE,1569.0430465260436,61.5601167014519,-10.317929101638418,-7.5,-43.61999999999999,1525.4230465260437,53.686470492065645,-7.8736462093862585,43.61999999999999,-1,100,true,9,12,-3
ATL,1508.819142306006,50.689375867510094,2.6401263029219972,2.6401263029219972,14.626299718187864,1523.4454420241939,53.32950217043211,2.6401263029220132,14.626299718187864,1,35.20168403895996,false,15,13,2
DEN,1557.7123187765335,59.514858984933845,-7.213333137795876,-7.213333137795876,-41.9527455294208,1515.7595732471127,51.94216123594092,-7.572697748992923,41.9527455294208,-1,96.17777517061168,false,10,14,-4
LV,1472.7995081102792,44.46346425555008,14.68246631022303,7.5,41.55,1514.3495081102792,51.68763684301069,7.2241725874606075,41.55,1,100,true,21,15,6
IND,1540.0489093658716,56.32651793607791,-8.270514149559677,-7.5,-43.61999999999999,1496.4289093658717,48.526291156442866,-7.800226779635047,43.61999999999999,-1,100,true,11,16,-5
DAL,1507.690888771288,50.48571999481732,-2.596421058935873,-2.596421058935873,-15.100784878771034,1492.590103892517,47.866248949882554,-2.6194710449347696,15.100784878771034,-1,34.61894745247831,false,16,17,-1
CLE,1485.6498748685678,46.672949599134775,-0.2814825915155504,-0.2814825915155504,-1.6371027522544408,1484.0127721163135,46.39146700761924,-0.2814825915155339,1.6371027522544408,-1,3.7531012202073386,false,18,18,0
NYG,1471.2103345606542,44.19022258608223,1.8234312531400445,1.8234312531400445,10.101809142395847,1481.3121437030502,45.927122369850444,1.7368997837682159,10.101809142395847,1,24.312416708533927,false,22,19,3
DET,1486.798778486269,46.87049148663496,-4.477567768953319,-4.477567768953319,-26.0415341442325,1460.7572443420365,42.392923717681654,-4.477567768953307,26.0415341442325,-1,59.700903586044255,false,17,20,-3
PIT,1483.6449990639348,46.32823230122676,-6.2327379111542385,-6.2327379111542385,-36.249603691273045,1447.3953953726618,40.095494390072524,-6.2327379111542385,36.249603691273045,-1,83.10317214872317,false,19,21,-2
NO,1444.2243506900438,39.550266624835594,0.05525187468383308,0.05525187468383308,0.30609538574843526,1444.5304460757923,39.60289650546635,0.05262988063075369,0.30609538574843526,1,0.7366916624511077,false,25,22,3
HOU,1464.476393796899,43.03239233096612,-4.462605705332854,-4.462605705332854,-25.954514782215877,1438.521879014683,38.569786625633256,-4.462605705332862,25.954514782215877,-1,59.50140940443806,false,23,23,0
PHI,1474.1501025364814,44.69568475524096,-9.753725331234904,-7.5,-43.61999999999999,1430.5301025364815,37.195684755240976,-7.499999999999986,43.61999999999999,-1,100,true,20,24,-4
NYJ,1369.9625124006345,26.7817249657212,8.728122295019302,7.5,41.55,1411.5125124006345,33.92581024770193,7.144085281980733,41.55,1,100,true,30,25,5
GB,1447.3098946312825,40.080793437290666,-11.236295049440077,-7.5,-43.61999999999999,1403.6898946312826,32.58079343729068,-7.499999999999986,43.61999999999999,-1,100,true,24,26,-2
LAC,1430.4582347390715,37.183327843719304,-5.166113990323494,-5.166113990323494,-30.046118967721434,1400.41211577135,32.01721385339581,-5.166113990323495,30.046118967721434,-1,68.88151987097991,false,26,27,-1
TB,1415.4535976411807,34.60343838397193,-3.32193638514819,-3.32193638514819,-19.320382016021867,1396.133215625159,31.281501998823757,-3.3219363851481702,19.320382016021867,-1,44.2924851353092,false,27,28,-1
ARI,1352.9786922957633,23.861535814264656,2.1942826601343293,2.1942826601343293,12.156325937144183,1365.1350182329074,25.95168814183415,2.090152327569495,12.156325937144183,1,29.25710213512439,false,31,29,2
WAS,1380.8112548462227,28.647052071221232,-3.4604994196009367,-3.4604994196009367,-20.126264624399045,1360.6849902218237,25.1865526516203,-3.460499419600932,20.126264624399045,-1,46.139992261345824,false,28,30,-2
MIA,1373.3272082655812,27.360249014027033,-5.1889352430058615,-5.1889352430058615,-30.178847373322085,1343.1483608922592,22.171313771021183,-5.188935243005851,30.178847373322085,-1,69.18580324007816,false,29,31,-2
TEN,1330.8483739804499,20.056460450558777,-1.250967315481331,-1.250967315481331,-7.275625906839419,1323.5727480736105,18.805493135077445,-1.2509673154813328,7.275625906839419,-1,16.679564206417748,false,32,32,0
