id,type,meanAbsElo,medianAbsElo,maxAbsElo,meanAbsRank,meanAbsProbabilityPP,maxAbsProbabilityPP,meanAbsLine,meanAbsAnalyticWins,meanAbsPlayoffPP,maxAbsPlayoffPP,meanAbsDivisionPP,meanAbsByePP,bindsToUnbound,unboundToBinds
pointsScoredPerDriveIndex,key,8.756777950608758,7.352456738068554,19.9570153553384,0.6875,1.680705978619064,5.4098593234846115,0.5207459959547527,0.17294024825036416,2.4550000000000005,8.860000000000003,1.9162499999999993,0.20624999999999993,6,0
qbIndex,key,5.039607880415211,3.511941327096565,13.829367239581416,0.375,0.981565059924807,3.866786600260669,0.30085377328732366,0.09362176603597216,1.3637500000000002,6.960000000000001,0.8374999999999992,0.1887500000000003,4,0
receiverIndex,key,2.528801563968564,1.871443314188241,11.215438558980622,0.25,0.5010191430348591,2.529489426277687,0.15891953642678014,0.04520543910182512,0.46750000000000064,2.6199999999999974,0.47874999999999984,0.12249999999999994,1,0
olIndex,key,3.125237316340659,2.0806658407301484,10.285067063861561,0.3125,0.6107116232985597,2.4524300543468494,0.1905242201319248,0.057909611583752144,0.7037499999999999,3.4200000000000017,0.6312500000000003,0.2674999999999999,3,1
rbIndex,key,2.605683096279293,2.79439754834425,9.07474249668644,0.25,0.4868252899202614,2.240356399958099,0.15203057709857237,0.04502310016473533,0.5099999999999997,2.460000000000008,0.7512500000000003,0.24000000000000002,2,1
coverageIndex,key,6.8493688632776895,6.3656989622450055,23.661819446359004,0.5625,1.4751416442847893,5.442193496117781,0.4510534626561082,0.14765879356034115,1.796250000000001,6.899999999999999,1.6687500000000004,0.59125,3,1
passRushIndex,key,3.0645443141908117,2.280238077410104,8.865504127883469,0.25,0.6555256339464052,2.650971092760046,0.2052169454799836,0.06165190044914978,0.78125,3.9599999999999937,0.5699999999999993,0.14625000000000007,1,0
runDefenseIndex,key,6.801652988549513,4.474211557632202,24.04333945665894,0.5,1.5136135639656536,5.629519481465395,0.4627158815514118,0.14718689331001145,2.13375,9.840000000000003,1.7787500000000007,0.4125000000000001,3,1
pointsAllowedPerDriveIndex,key,4.130573855553969,3.3049161290323354,10.468799999999874,0.3125,0.8668442446552419,2.6653978594860517,0.28002666082528377,0.08792717597514513,1.0575000000000006,5.539999999999999,0.9437500000000001,0.41874999999999996,1,1
passingProtection,group,8.866341084898572,7.136713824067897,26.390389372001664,0.75,1.7577983900687706,6.461625393871734,0.5367465843029153,0.16372140574065858,2.20125,10.32,1.6724999999999999,0.29624999999999996,7,0
offensiveBridge,group,19.793224560390904,20.38818692256598,44.03224861017043,1.6875,3.855914911146437,11.576815481999375,1.1816781640996645,0.39546972072205494,5.133750000000001,17.22,4.866249999999999,0.8574999999999999,9,0
defensivePass,group,7.4470746626846065,5.921448404595594,20.660903765021885,0.5,1.509499117526601,6.300488797619513,0.46277707295773685,0.14996277440882486,2.0537500000000017,8.699999999999996,1.8412500000000003,0.5512499999999999,4,1
defensiveBridge,group,14.176112506848376,10.827166080258621,36.70230334881785,1.25,3.020692093931425,10.905409963628399,0.91403273805224,0.2971150860706751,4.52125,16.72,3.6312500000000005,0.9999999999999999,6,1
driveOutcome,group,8.98010995205879,10.070638752574382,28.12663808019738,0.5,1.6793172232062854,4.686280034728707,0.5419308054924805,0.15230605518588028,1.7500000000000007,6.720000000000006,1.3549999999999989,0.5574999999999999,7,0
